donor_acceptor,percentage
DA4_B:DG15_C,48.717948717948715
DG5_B:DA14_C,46.15384615384615
DG15_B:DA4_C,43.58974358974359
DG16_B:DC3_C,33.33333333333333
