donor_acceptor,percentage
DA4_B:DG15_C,48.71794871794872
DG5_B:DA14_C,46.153846153846146
DG15_B:DA4_C,43.5897435897436
DG16_B:DC3_C,33.33333333333333
