donor_acceptor,percentage
DG16_B:DA3_C,56.66666666666666
DG15_B:DG4_C,33.33333333333333
DC5_B:DG14_C,30.0
